id;civilite;nom;prenom;date_de_naissance;telephone;email;adresse;date_creation;etat
1;Madame;Haute-Normandie circuit;discrete;2023-04-16;+33 558077925;"YXNLzK@QE.uD.Z-W.e_U";Languedoc-Roussillon multi-byte services;2023-04-16;Bani
2;Mademoiselle;bluetooth;index Small Toys;2023-04-16;0132730990;"E5vxZv@tRJ31.gILDw.DNV.lm.PdNdpo.Hl4k";ROI RSS robust;2023-04-15;Inactif
3;Madame;navigating tan Books;IB Games leading-edge;2023-04-16;0415356708;"7hrpO@heg--.20.MKa.w.M7WQ9s.P8h.JxY-";e-commerce;2023-04-16;Revoque
4;Madame;THX;navigating;2023-04-15;0311995024;"X@XEr7J.Pq.E7l.A.qwDXp.X8hZ";Royaume-Uni;2023-04-15;Bani
5;Mademoiselle;Delesseux b wireless;blue Beauty;2023-04-15;+33 708946933;"jWV@AC2hI.r0.GKMVA.oRaG.18uThM.Py.mq";e-business hacking;2023-04-15;Revoque
6;Madame;Avon Coordinateur robust;Account Borders;2023-04-16;0438035231;"Si3Jf7@Ne.GH46.j77_.V2zP";moratorium Rubber la;2023-04-15;Inactif
7;Madame;program connecting;l'Odéon maroon Designer;2023-04-16;+33 271344755;"r@K.3QhC";Borders;2023-04-16;Revoque
8;Monsieur;c Granite Macédoine;up;2023-04-16;0238486398;"y@Cv.bq3.Jh4f";Dollar Account;2023-04-15;Suspendu
9;Monsieur;la;Kuna;2023-04-16;0690331407;"CE7sn@YiwiW.ewb.u4vGI2.v-jqoc.q1E";Swedish;2023-04-16;Suspendu
10;Monsieur;back-end Account;Corse Integrated;2023-04-16;0758910679;"sjix.@Ph.sME53.YKs12P.eu-v3U.Kid";enable;2023-04-16;Actif
